{
  "generator-jhipster": {
    "applicationType": "monolith",
    "gitCompany": "",
    "baseName": "demoJhipster",
    "packageName": "com.decathlon.demo",
    "packageFolder": "com/decathlon/demo",
    "serverPort": 8080,
    "serviceDiscoveryType": false,
    "authenticationType": "jwt",
    "uaaBaseName": "../uaa",
    "cacheProvider": "ehcache",
    "enableHibernateCache": true,
    "websocket": false,
    "databaseType": "sql",
    "devDatabaseType": "h2Disk",
    "prodDatabaseType": "mysql",
    "searchEngine": false,
    "enableSwaggerCodegen": false,
    "messageBroker": false,
    "buildTool": "maven",
    "useSass": false,
    "clientPackageManager": "npm",
    "testFrameworks": [
      "protractor"
    ],
    "enableTranslation": false,
    "nativeLanguage": "en",
    "languages": [
      "en"
    ],
    "clientFramework": "angularX",
    "jhiPrefix": "jhi",
    "jhipsterVersion": "5.8.2",
    "jwtSecretKey": "YTJhMDNiZTM4N2ExNjg0MDg4Y2U0ODM1ZmExMWVmOTM2MGE2NDFjNzNlNDdjMGM1MzE1OWM0MjA1NmM3YmUxMjM1MDIzNGNiMTI4ZDEwMWZkNTA2ZWM1M2JiMmRhMzBkNjIxYzQ0MDgxYTI4MzkzZTdkOTcyMTY1ZGI5NTMyM2U=",
    "entitySuffix": "",
    "dtoSuffix": "DTO",
    "otherModules": []
  }
}